hancock,0.8333234162088824
what,0.7470558467708909
counti,0.7446288685596019
cope,0.7311309259591064
streak,0.719021431100711
46pm,0.7160030602884848
whitehal,0.7127817058481138
nomura,0.6567808209606036
william,0.6475089984108323
multipl,0.6409671625608858
negoti,0.6397611017070629
accur,0.6381662224239798
medium,0.6333061842319172
punish,0.6318288346804338
assur,0.6317677065498971
spur,0.6226545560508921
toyota,0.5885603554045377
websit,0.5857826696318141
zealand,0.5792128575972149
evalu,0.5718591407243714
penc,0.5694103768810783
vix,0.5609572813262962
justifi,0.5471938757740011
underli,0.5460545424663321
frustrat,0.5455733837637262
capabl,0.544260020845133
entertain,0.5397113014987069
advic,0.527333048382851
guid,0.527066079091099
spokesman,0.513814363376113
extent,0.5064673906434269
turbul,0.50142354398967
76,0.4937076248753605
opec,0.4873510593211358
tension,0.4865890336654571
joint,0.48250019164597585
msci,0.4736328265063926
crowd,0.4683631486029087
match,0.4674581283026838
lunar,0.46414398916681626
unfortun,0.46293333763277683
seng,0.4604331693090825
tackl,0.44335406857146453
regularli,0.43458392281220276
57pm,0.4318934499638728
clean,0.4297444174277811
starbuck,0.4280097067780574
daniel,0.42466623347736276
ventur,0.4173495690303772
briton,0.4043823219222118
rome,0.39050356448707385
crucial,0.3814573030686235
reel,0.3800583200006641
conduct,0.3796590355752223
plane,0.377100918707255
pare,0.37051140726070586
diego,0.37049136734449195
gather,0.369607198606241
ensur,0.36736344685587574
shanghai,0.36676317422937155
award,0.36611157567121416
instruct,0.36463827479117406
refus,0.3635657970004077
admit,0.3590234355431821
alli,0.3574766292904684
breath,0.35516648817314284
leagu,0.35359644205570673
109,0.3406664007921582
directli,0.3406554616458674
profession,0.3391715399177593
67,0.3361039858885512
sar,0.3332627267234489
74,0.32962604416132496
strongli,0.3291232362150365
demonstr,0.32660474923989496
compens,0.32524226990215177
innov,0.3187351511093487
burn,0.3179809085855847
ford,0.3178275752111394
stabil,0.31076479863560086
export,0.30532335180525716
disappoint,0.3027546202157353
nh,0.3025959583168259
53pm,0.30137664033508066
chart,0.2998312052147531
criteria,0.299301217690638
self,0.2979589870252738
contend,0.29738181428864396
host,0.2907832092977072
59am,0.29036117400584543
alert,0.2897050436116099
advisori,0.2873694811354207
celebr,0.28715670807287025
equival,0.28520912668529125
tariff,0.28491385496200317
56pm,0.28083783668745405
circul,0.2803822519353919
motor,0.278723075839212
disinfect,0.2778780928648953
behaviour,0.277801164179212
58,0.2760983387790091
field,0.2756667697701558
analyt,0.27319354310071287
undermin,0.27068829921258397
accept,0.2688502984260151
festiv,0.26347293582298775
deputi,0.25936817573244053
joe,0.2517638345852719
01,0.24729136356838258
africa,0.2456446241415945
03,0.2412588241955578
easier,0.24049090894796216
jerom,0.23902478623571669
arabia,0.23727766303586756
macau,0.2329422465115615
charter,0.22885935185634035
interact,0.2280537163685134
gdp,0.22343707984682779
stricken,0.22267099214263014
brace,0.22114496411805104
top,0.21996929603013757
fair,0.21835928193078846
visitor,0.21639454937219677
tour,0.214836230606274
yuan,0.21406821346519225
port,0.21227848450043252
controversi,0.21227671839942366
summer,0.20728521480887474
ag,0.20642003288787028
outlet,0.2044002311402302
flu,0.20238056426772708
extra,0.20042555139416018
governor,0.19995021705975527
sound,0.19765974919934698
achiev,0.19660204859234737
outlin,0.19604669656268434
stabilis,0.19567532484620279
bori,0.19175922609683174
england,0.1908845818399449
immedi,0.1907661960792163
isol,0.18939722402376113
user,0.18734193095937587
87,0.18701431082041203
2003,0.1848984080103389
08,0.1848684713535812
went,0.1836905165631845
detect,0.18325872775198362
down,0.1829193795506758
breakthrough,0.1814528231633464
guidanc,0.17909178460575978
unknown,0.17612878033045387
revers,0.1747636993791985
people,0.1735887471838255
65,0.17162132383724762
fever,0.17126016213857845
consensu,0.1680467387201639
190,0.16694388141658417
journalist,0.16603261090927365
statist,0.16463400974510514
54,0.15948470714303425
space,0.15805569855769175
johnson,0.15754619406101428
wari,0.15730011305881209
jet,0.15702691588896867
door,0.1566155967177075
keep,0.15457892117698094
enabl,0.1521853858393928
broadli,0.14542261975633972
seek,0.14379626166587603
11am,0.13954553815648518
41pm,0.13944973175773653
martin,0.13804621439868006
nikkei,0.13566295412215326
fee,0.13034027778386786
ministri,0.12859092473980283
swan,0.1239189947957335
stream,0.1235921646910067
telecom,0.12344657478117495
footbal,0.12049491996360064
mild,0.12020100619167957
mcdonald,0.12002769171368355
10am,0.11969560461034355
transfer,0.11538139019796717
patient,0.11526958305001779
miner,0.1147788949519253
popular,0.11471524114557037
steadi,0.1133579575235629
sach,0.11139605030318771
mike,0.11129022618865952
poor,0.10993554542776711
donat,0.10589498877419143
saudi,0.1041887251982187
specialist,0.10022685552347337
novel,0.10019546073281838
51,0.09932225533940903
convent,0.0992279310646728
editor,0.09910264041962384
hong,0.09897126334676702
kong,0.09897126334676702
goldman,0.09822693272979752
stall,0.0969748385638402
lock,0.09531779214143078
clinic,0.0949231510999916
83,0.09311332084226029
urg,0.09094994784501487
googl,0.09013904700989712
boom,0.08991262477879483
ing,0.08989190436165333
wear,0.08983947655076616
heart,0.08716772076264813
strateg,0.0852431727919144
pneumonia,0.08442366323889983
packag,0.08337644651548982
ab,0.08194440759444244
mutual,0.08135295235066788
calcul,0.08083565953505074
phase,0.08069020518172083
spain,0.07717687406618866
popul,0.07711445534476845
2002,0.07699362175177159
halt,0.07638920600290905
alphabet,0.0762183451798939
urgent,0.07610393822529701
scotland,0.07468956482007048
momentum,0.07468614201137186
bigger,0.07468572906766897
hang,0.06950494988924125
35pm,0.06916447334653839
neil,0.06905410879373534
brian,0.06871436976802262
39am,0.06756791527435346
14,0.0672580628191714
prepared,0.06691875513499178
experienc,0.06655107062478259
women,0.06548055154935113
microsoft,0.06455402646697173
electr,0.06421083139316845
appropri,0.059034267280830166
situat,0.05691232039613711
japanes,0.05664509596260264
battl,0.0539849570562324
premier,0.05309406202707429
deliveri,0.05264748217562181
proport,0.05234269815412729
translat,0.0519739882770367
emphasis,0.05110777463780647
39,0.0510839272358591
euro,0.049715660667911846
71,0.049699873840882224
tourist,0.049177924310772066
evacu,0.04821576179677142
deni,0.04747407096121148
sydnei,0.04735893622481941
season,0.04557574686454554
describ,0.045528200245244524
sterl,0.04465083747266155
struck,0.04305288660024152
allow,0.041417121003898195
inject,0.03975061870256811
russel,0.03715720509634802
complain,0.036753136225593896
scientist,0.03647388401195781
tokyo,0.03516173977042355
media,0.03413810808645148
fastest,0.033458345540299875
tomorrow,0.03336958697820655
educ,0.03318047178861434
weekli,0.02953519066144648
45pm,0.02852698427985394
correspond,0.028435015196604407
oversea,0.027657587262848657
france,0.027130260769064708
fifth,0.026030529255241266
59pm,0.023581351392084338
strength,0.02184992461688614
disclos,0.02110289083378667
influenza,0.020491851733797483
calm,0.018647202642774013
scrambl,0.018241033275664037
neg,0.017865985568870313
order,0.01502022640683193
necessari,0.014335113434453496
renew,0.013627636254953827
flat,0.01227956192749029
recoveri,0.011744375644110999
closur,0.011098516938305086
park,0.009287612912061323
copper,0.00844648139011317
explor,0.00710362463584309
germani,0.0069473132907356405
shipment,0.005954507115203895
destin,0.005840939275339907
thailand,0.005284614764123327
pass,0.004813245864150257
switch,0.004739602720380949
gave,0.003844383519058504
station,0.0037936242778426887
wholesal,0.003519930853491518
frequent,0.002860987167276859
barcelona,0.0027092469446448222
halv,0.0025741150679408076
treatment,0.0025726737317625595
judg,0.0022640770781255926
employe,0.0022297732793983087
shut,0.0014251648138816793
entri,0.0012535201572767922
73,0.0012002255850029231
caribbean,0.0008576163116341096
44pm,9.933169763071742e-05
amazon,-0.00016533955568809322
subject,-0.0002136432925697207
import,-0.0003242339753350634
kept,-0.0003551270006032242
electron,-0.0019855526918159043
known,-0.0022579127019823567
blame,-0.0025913672932918437
employ,-0.002955447916261852
sens,-0.0033506518743591862
cap,-0.0033993549792565156
macro,-0.003403892753424302
citizen,-0.005908579117053299
particip,-0.007811870741790165
russia,-0.008112955117124157
fly,-0.009356613304218596
blow,-0.011751392670298918
reassur,-0.014295886517478642
video,-0.014597123944285488
monthli,-0.015573220880970486
elev,-0.015969231316912635
mass,-0.016353672486303844
33,-0.016361637923119534
exchang,-0.0166873350909949
ban,-0.018337918301917205
june,-0.019327405899719475
strengthen,-0.01985594777542434
platform,-0.02071745496859692
suspend,-0.02104136189081495
item,-0.021842216334543915
temporarili,-0.022703310707760455
law,-0.023455903980908063
drive,-0.023499621240210242
commentari,-0.023512321975195972
analysi,-0.02384615489757784
star,-0.02491686914974356
carmak,-0.024918749957800954
30am,-0.02517759663084115
super,-0.02596826811618004
sport,-0.02756001284756025
57am,-0.027817927205267167
solid,-0.028488287034869744
confirm,-0.02864434257131952
surpass,-0.030070554747643544
hub,-0.030660988309144408
break,-0.03475337089786059
shadow,-0.03521215437070309
2014,-0.03547463071214674
summari,-0.03624970196860549
corner,-0.036636192883832096
tesla,-0.03701095464060336
grade,-0.037121493439237346
edg,-0.038399846239889776
mask,-0.038696659724865745
55pm,-0.03870465168247881
found,-0.039724329601521675
79,-0.039845924488600935
composit,-0.0402162667797484
john,-0.04024501861763799
incid,-0.04093558728197895
fire,-0.04116243190796862
protest,-0.041611803132654154
learn,-0.04271800264639127
accus,-0.044072686089886653
win,-0.04497997692747068
contact,-0.04612990145940899
advis,-0.048081853651770236
healthcar,-0.04867969017861813
experi,-0.0489291785466613
staff,-0.05013876538754351
drug,-0.05101123624282402
weather,-0.05133752742709851
deliv,-0.05136584850286755
kospi,-0.05188475762663809
16,-0.052822442879603346
wave,-0.05377498040686446
spill,-0.05399366168282365
mind,-0.056200173454945414
offer,-0.05620328426140167
wilson,-0.05666493992519246
temperatur,-0.05854237252690211
yen,-0.059436029069964515
team,-0.059554933337320475
outperform,-0.06193189858584935
reopen,-0.06442636002674287
solut,-0.06444394945214654
tradit,-0.06445438789883995
shutdown,-0.06467118161643613
domin,-0.06516914629233242
daili,-0.06530468066908937
hire,-0.06534712766558057
opportun,-0.06746556417070097
brief,-0.06792856136477449
50,-0.06841351472287943
transmiss,-0.0708739762300582
wuhan,-0.07137024375903181
benefit,-0.07158215567352734
quick,-0.07224157589895648
recommend,-0.07244423901620946
intensifi,-0.07259229616913626
felt,-0.07280958285554037
deadli,-0.07430421158680926
holidai,-0.07501585951269782
propos,-0.07831407341514016
82,-0.08071014681005033
agreement,-0.08097111516660979
rare,-0.08203425390475638
diminish,-0.0820439705067007
26,-0.08230694389767561
32am,-0.08253846813363636
resourc,-0.08323545913661697
spark,-0.08338416474542058
sank,-0.08413355960667267
relief,-0.08476089368303756
appli,-0.08582161108588558
exactli,-0.08587232747569785
currenc,-0.08598010574110343
began,-0.08666542624409246
consecut,-0.08751508297124694
stephen,-0.08789577046963894
awar,-0.08898708245719618
approv,-0.08967314978739994
gear,-0.09064969895795018
weaker,-0.09134807015092739
decemb,-0.09153409957123412
ultim,-0.09178730375960648
versu,-0.0921200654070089
dax,-0.09220695380492436
dollar,-0.09413643994313166
cac,-0.09441072760456055
publish,-0.09622143421657083
search,-0.09705078483119126
reportedli,-0.09763658002905352
turmoil,-0.09766035303188568
2009,-0.0976945214408812
august,-0.09818549866695253
insist,-0.09829135151886498
involv,-0.09894999642977044
hour,-0.09970774661324829
risen,-0.09972718117876304
stronger,-0.0998414726615518
quarantin,-0.10044348218415816
secretari,-0.1024742052918197
passeng,-0.10318554820920718
left,-0.10405266531567042
territori,-0.10482377996000485
stuck,-0.1062815668580573
stoxx,-0.10811807349915602
compound,-0.10823646304622915
fresh,-0.10939521578885239
bet,-0.1097141640124606
prove,-0.10984294822300086
confus,-0.11127505046140164
03am,-0.11193946685294417
surpris,-0.11251506525251602
infecti,-0.11283994857289549
california,-0.11297396375089723
cancel,-0.1131250947788115
border,-0.11345328526260708
creat,-0.11364363840850923
turnaround,-0.11381701730517829
mouth,-0.11462671988947906
hasn,-0.11507931892536401
main,-0.11574281340246229
polit,-0.11603830188307902
individu,-0.11657374330421295
todai,-0.11669347949138391
drawn,-0.11780793231157445
70,-0.11847500973189093
bear,-0.11885865898136881
cough,-0.12220231798525553
cite,-0.1225333113019026
14pm,-0.12419965262515967
78,-0.12641506066864563
role,-0.12722060663271273
complic,-0.12736775955293
model,-0.1278789583378875
determin,-0.12801210279703396
silver,-0.1284044004556025
posit,-0.1288517315126333
slightli,-0.129814088543405
smartphon,-0.13060083159272023
ft,-0.1308237143719414
symptom,-0.13209642019378778
225,-0.1322901133236189
47,-0.13319095696744016
400,-0.13489175928621605
feet,-0.13569672643991787
on,-0.13648974358441862
count,-0.1366919542006094
predict,-0.13739044780807458
train,-0.13873584224493957
174,-0.1394946557594748
volatil,-0.14025180776715437
reduct,-0.14364099079237835
resum,-0.14550961560655704
overnight,-0.1455412185454827
commiss,-0.14663125405041474
interest,-0.14722584790470314
15,-0.14746353946430169
centr,-0.15030990892935348
adopt,-0.15056302471773322
singapor,-0.15140693072704905
bright,-0.1519008347649357
diagnos,-0.1525640861242295
andrew,-0.15278142873080675
event,-0.15409025065654713
follow,-0.1547033511565616
14am,-0.15555407053449305
cubic,-0.157873736101667
loser,-0.1583459948526362
consid,-0.15862837203163407
avoid,-0.1586448876927069
56,-0.1591527242763531
strain,-0.159294277067885
founder,-0.16191699551775027
relationship,-0.16238564693342206
updat,-0.16324065626816886
us,-0.16336650914771084
46,-0.16396248520166357
overal,-0.16481184748652034
attent,-0.1667921227768978
09,-0.16722691842778029
recov,-0.16811029053641274
conclud,-0.1687615287859154
tend,-0.1691966443673906
short,-0.16924083406816193
receiv,-0.1707287657011628
art,-0.1707581895309971
promot,-0.17272124630779875
fatal,-0.17272329121015348
18,-0.17279896660166177
connect,-0.17333860348019345
winner,-0.1744534237404889
imag,-0.17484629305327667
shown,-0.17524492617447632
percentag,-0.17635712653730948
eventu,-0.17930311891969772
suffer,-0.17937137236016648
pose,-0.17960134317456694
univers,-0.18071372654077344
luxuri,-0.18165398882962727
research,-0.18237119945358682
airwai,-0.18268382963694157
specul,-0.18281407052710996
avail,-0.18308388474086668
germany,-0.18442142664604427
toll,-0.18822440827268605
40,-0.18826748500244106
fridai,-0.1889171283587007
sixth,-0.1892628676033088
seri,-0.18951158447326208
84,-0.1904397607461896
winter,-0.19056145401429322
depart,-0.19084783639336153
twice,-0.19106210136611618
reduc,-0.19199405773764194
hope,-0.19238491809151115
messag,-0.19246663420802823
maintain,-0.19263629221393644
stretch,-0.19285661233064388
doubl,-0.19378697490708513
iraq,-0.1940861438512231
trigger,-0.19419338388025836
89,-0.19449455693096465
respect,-0.19485867087253814
britain,-0.19610106328008842
thi,-0.19737715950640258
road,-0.19845729772824006
car,-0.19913709343748556
ireland,-0.1993894401840579
theme,-0.19985585719649032
sundai,-0.2010852856848341
best,-0.2012928332097191
consist,-0.2029879265986913
pull,-0.20333600338856633
spoke,-0.20349789790960768
jinp,-0.20599274171957163
xi,-0.20599274171957163
thank,-0.2065427441627151
contrast,-0.20804672145990627
review,-0.20863496718864138
41,-0.20880565182463856
hail,-0.2095845503477099
tenerif,-0.21046304681922767
bit,-0.2111125871096819
rest,-0.21128071199310675
candid,-0.21149608955793503
cyclic,-0.2118540470700576
easi,-0.21232307542929765
23am,-0.21280078568824382
unabl,-0.21280078568824382
defenc,-0.2128608188001334
uncertainti,-0.21354374249111716
eas,-0.21449865375619998
place,-0.21474416451134368
join,-0.21504027058074499
attribut,-0.2150793461786192
unusu,-0.21679471109655482
begin,-0.2170991059223731
intellig,-0.217228412987465
quot,-0.21753853877754506
mount,-0.2190600635432054
34am,-0.21923809134974404
widespread,-0.21962091016751065
ll,-0.21983836663615045
san,-0.22015201113322722
brexit,-0.22029276053726568
provid,-0.22073621459342238
war,-0.2212995321398664
chri,-0.22214250870238877
airport,-0.22221097467661133
nasdaq,-0.22286212241155595
mute,-0.22368861255725314
53,-0.22401700793561197
weak,-0.22506364451804162
briefli,-0.22556154669059922
surg,-0.22576462902007705
slower,-0.22581355597255512
decad,-0.22712981291692727
fallout,-0.2291809563484466
gallon,-0.23029366144514968
conserv,-0.23135954574979456
hold,-0.232364796647727
previous,-0.23262726381947532
exist,-0.23393171950462505
pictwittercom,-0.2342590211769486
strong,-0.23556624436124213
49,-0.2362535312474466
guarante,-0.2363116813121228
clearli,-0.23636735545878154
essenti,-0.2364405754170396
assembl,-0.2386057128799093
screen,-0.2396113486173508
citi,-0.2398228085935692
comment,-0.24084706419410784
2000,-0.24166474207345542
household,-0.24245683600426005
social,-0.24293878525256019
custom,-0.24367219725347886
got,-0.24382877190167607
pretti,-0.24398990836200332
divis,-0.24510588930351557
curb,-0.24534792454237633
600,-0.2456611958124989
knock,-0.2457408405592963
2012,-0.24590219448317369
sever,-0.24605027817865585
stabl,-0.2462497533784882
link,-0.2466189958963842
12pm,-0.24749915948361076
43,-0.24785984637462238
similar,-0.24787474767866313
medic,-0.24900573890328895
45,-0.250422205066276
syndrom,-0.25238977452265426
grip,-0.25274986826248036
set,-0.25281266325086604
parent,-0.2531070380275687
58am,-0.2531738914917668
committe,-0.2538808314913404
elect,-0.25462216477406924
surviv,-0.2548180144848103
96,-0.25510881877820346
63,-0.25692709450958234
environ,-0.25757562478466683
princip,-0.25806672103887396
fourth,-0.25970020235717867
bring,-0.259797896550335
ground,-0.2599170815463689
get,-0.26105251510404737
constitut,-0.26113386893655494
24,-0.2615518065412957
advisor,-0.2616826448450045
pan,-0.2617364960364378
11,-0.2617768557606859
men,-0.26204711903325995
trip,-0.2624375160761838
head,-0.2626640288181678
choic,-0.26303806097487115
novemb,-0.2641006650839282
phillip,-0.26783456062784805
deploi,-0.268290689089824
non,-0.26884057933527933
compon,-0.268936778411525
leadership,-0.26998508526632164
iron,-0.2699898875542658
or,-0.2699898875542658
scale,-0.270627924948095
test,-0.2706721515028856
attract,-0.271401164753065
08am,-0.2714823644770273
taiwan,-0.27170350711784846
bounc,-0.272342350821492
rule,-0.27262195518996357
visit,-0.27309864105668563
coverag,-0.273115114937123
prais,-0.2731762067139584
effect,-0.2734582562916033
abroad,-0.2745311506544048
32,-0.27474966242649307
abl,-0.27504810782641387
foreign,-0.27592607949029846
hubei,-0.2761171004315836
dip,-0.27614573375111584
61,-0.2771025939326708
combin,-0.2775724942728074
minist,-0.2783098624344807
facebook,-0.27865012767453373
angel,-0.27896129083608184
sharp,-0.27897128887244665
36pm,-0.2795076625038124
design,-0.27960353702708624
flight,-0.28145412528469377
refinitiv,-0.2815059697300924
28,-0.2817479743976393
technic,-0.28183634410959624
come,-0.2822593834400049
fals,-0.2830986461563184
exposur,-0.28402512706303185
debat,-0.2840548214859053
confin,-0.28428797204344763
government,-0.2843994820634024
eu,-0.28479746915496407
came,-0.2853433891185588
beij,-0.2860722830997828
hammer,-0.2867770062674507
offici,-0.28702383831891315
22,-0.2880312299044385
moment,-0.2888009497975012
hedg,-0.2891375845395422
64,-0.2892834607113951
replac,-0.2902381379115959
differ,-0.290671087586811
paper,-0.29281235117640764
pacif,-0.29355235396921037
michael,-0.29358821330767587
plant,-0.2936107402651589
offic,-0.294207201000372
right,-0.2942513169454164
disnei,-0.2952726963379043
support,-0.2953501790136424
swing,-0.29558646760969254
forc,-0.29582372586633127
that,-0.29597332726350123
contract,-0.29632570032447125
side,-0.2975390566914469
middl,-0.2976179017023772
29pm,-0.29849016889695157
wait,-0.29930498208935785
given,-0.2993506268807491
ralli,-0.30033021985361635
fine,-0.30048616542427087
journal,-0.300729510448388
stai,-0.30170716379043355
wors,-0.3028949403289919
bar,-0.30406961625070106
truth,-0.3042967751965372
output,-0.30447749917688355
onlin,-0.30453643634460115
maker,-0.3048065137428302
feb,-0.30481852927444913
trader,-0.3051207544645991
york,-0.30559251173524615
badli,-0.3067558462425855
job,-0.30675839835103624
reason,-0.3090055047885927
afp,-0.30907739637800624
34pm,-0.3092233804912097
origin,-0.3105274123094897
programm,-0.31057846305993253
28pm,-0.3111070117641852
scenario,-0.31135864399403634
59,-0.3125380369159231
withdraw,-0.31284228839237094
doctor,-0.3131964580936614
gmt,-0.3134599137710052
reuter,-0.3134599137710052
timeupd,-0.3134599137710052
royal,-0.31358607733778426
blue,-0.31363587528984954
post,-0.3144469969746917
everybodi,-0.3146048825847898
number,-0.3149746597459861
jp,-0.31588814642193985
earli,-0.31590646528050315
decis,-0.31629989895045624
believ,-0.3163627926615574
extrem,-0.3165369984190069
consumpt,-0.3176678568272889
christma,-0.31787569426445356
instagram,-0.31810749182330117
net,-0.3181177491517893
labour,-0.3193026025056226
feel,-0.31953793863465446
ongo,-0.32025721539391405
see,-0.3204294534012407
area,-0.3204348312599244
walk,-0.320839186970972
asian,-0.32154496144335976
talk,-0.32245462097209593
equal,-0.3245050754233071
hunt,-0.32457484086163135
climb,-0.32490099244090426
agenda,-0.3251832075623488
structur,-0.3253111952346773
sight,-0.32541283019746226
12,-0.3254213463035941
later,-0.32548263562908
ga,-0.3257425675576619
confer,-0.327772528500776
brent,-0.32832092366685584
restrict,-0.3286078834573158
gain,-0.32864470486828173
hospit,-0.3290133348493481
supermarket,-0.3292406834169437
practic,-0.3295364555936962
union,-0.330733011195547
british,-0.3310667442437377
clear,-0.3314174327613814
quarterli,-0.3322919931426436
access,-0.33252774311214955
seen,-0.3327133015115899
volum,-0.3327409374907335
wrong,-0.3336897254473904
trade,-0.3346830998694866
add,-0.3353991041437594
bloomberg,-0.3373068716863985
81,-0.3376792152324237
2018,-0.3379651826853982
mainland,-0.338600305667038
depress,-0.3392358149968248
natur,-0.341065154074399
date,-0.3412091272830155
commod,-0.3419606692897581
bull,-0.3419806221609596
worth,-0.3420010989740953
institut,-0.3424432985602402
restart,-0.3428445535572361
blog,-0.3440442482206604
broad,-0.3450858442349832
compar,-0.34544448600589617
driver,-0.3458462639054161
actual,-0.34613546648186644
favor,-0.3466627477222775
42,-0.3468323761378995
past,-0.34744099388576244
gotten,-0.34758609294432646
approach,-0.3487977779434716
better,-0.3496473283682622
call,-0.35070544571512985
sharpli,-0.3509655155554146
take,-0.35098546641640727
australia,-0.35151807020963705
300,-0.3515835742851573
rapidli,-0.35160736745469134
saw,-0.3519099847380024
shape,-0.35193787310543423
cross,-0.3531658192517674
scienc,-0.35319678710138713
sourc,-0.35328851972458447
contin,-0.3544677603966826
latest,-0.35453279658166287
pari,-0.35618143873046465
addit,-0.3564695296588231
salari,-0.3569006360302174
put,-0.3574593057004131
prefer,-0.35746347566073083
hard,-0.35773758773714665
leav,-0.3587949568149118
tco,-0.35894613057452507
the,-0.35965922959680113
career,-0.3599274775524805
potenti,-0.36018952476082083
750,-0.3615653134105543
afternoon,-0.36178410561974345
fuel,-0.3623564152057606
seller,-0.36276553448665017
near,-0.36320202901260673
site,-0.3653975899867198
mediaguimcouk,-0.36561243835957524
prime,-0.36567036135145103
getti,-0.3666018454146701
read,-0.3666356314667111
love,-0.3667898935409963
european,-0.36692278917454724
gasolin,-0.3675596465732613
dozen,-0.3677156414985527
lot,-0.3683514718547372
oper,-0.36891164520259717
gener,-0.3690778443556863
victim,-0.36942919036786803
barrel,-0.36980125967291566
labor,-0.36992638181017107
factori,-0.3699904577181009
studi,-0.3700831857123027
2021,-0.3703958893338259
part,-0.3704965307330313
weaken,-0.37084608311657113
idea,-0.37087374235373893
chevron,-0.3714587440698217
heavi,-0.37208661457696635
final,-0.37259303275562466
mayor,-0.3727023275744049
plu,-0.37290942404830274
sector,-0.3731449158098834
earn,-0.37314602244342654
lead,-0.37370272828666207
acknowledg,-0.3742127667417577
rapid,-0.37466181957679545
weigh,-0.37472256741933624
europ,-0.3748541686537558
privat,-0.3764475209422507
financi,-0.3764554565962636
evid,-0.37721286520230946
affect,-0.37791745176113306
shopper,-0.37796227945917255
greec,-0.37849139189684267
releas,-0.3788339546266005
implement,-0.379118911830531
schedul,-0.37996361653302796
headquart,-0.38048219460528315
abil,-0.3811123171819311
write,-0.38192406005037915
student,-0.3819605228098973
fact,-0.3819797552917992
save,-0.3820940587202267
metal,-0.38220619024963
thursdai,-0.3835348804267611
sure,-0.3839036794641228
enjoi,-0.38420740191873726
inform,-0.3847168199723645
america,-0.385730573927734
driven,-0.3860693182539838
benchmark,-0.38631033844922336
particular,-0.38787828772573024
ill,-0.38829576728219856
data,-0.38903681285517944
boe,-0.3890810605412463
presid,-0.3891550792233832
live,-0.3894752166252096
focu,-0.3896878489702645
intern,-0.3897562436694743
record,-0.3899536043627131
carri,-0.39079898180803097
decid,-0.3917710980926153
system,-0.391921720902407
jim,-0.3919437439551249
race,-0.39207215055885697
activ,-0.39268295949718257
stick,-0.3930588389480226
they,-0.3932340352146406
airlin,-0.3938826299208642
energi,-0.3943702475167658
provinc,-0.39452550308470086
check,-0.39462074359350213
jan,-0.39465220134091
ride,-0.3958107522998524
life,-0.3967068102781812
factset,-0.39693246673768706
mail,-0.397308736069405
limit,-0.397950537920118
extend,-0.3982280957375461
run,-0.3987639091855854
77,-0.3989157876207893
http,-0.39911008621786526
ad,-0.39957683328536053
slowdown,-0.3999036650589188
ey,-0.3999036672625627
depend,-0.40025248913723344
kill,-0.4004961111610015
slip,-0.400568169145647
max,-0.4006594002668799
risk,-0.40135290291429
floor,-0.40182633512622346
rock,-0.40280290397359564
insur,-0.4028887181361391
loss,-0.4028905759390137
paid,-0.4043587847732699
ebola,-0.4044012762933424
09pm,-0.40482249624692607
declin,-0.40493498908469594
remind,-0.4059222179237294
ben,-0.40851233113497987
led,-0.4086066630957932
credit,-0.40899315989878265
quarter,-0.40953935707486866
improv,-0.4110315968089585
red,-0.41166484854352003
interrupt,-0.41171555926091036
29,-0.41212012236506457
produc,-0.41231057340346616
speak,-0.41307782863648845
modest,-0.41362530389987
respons,-0.41399932118625343
111,-0.4143905920842374
index,-0.41446215985053814
welcom,-0.41472916368362883
cover,-0.41483044209655856
acut,-0.41607851968109344
zone,-0.41638165057841087
relat,-0.41640523577597444
plung,-0.41693594620434465
sam,-0.41766186547046164
oil,-0.4181395598129601
member,-0.4186664928162103
ms,-0.4187089028426026
militari,-0.41912984509784157
straight,-0.4195093625567725
beat,-0.41954726019993627
ounc,-0.42054695560941946
worker,-0.4211108149323751
detail,-0.42122063291595935
we,-0.4217737501435867
norwegian,-0.4220148086604821
pick,-0.4220849487023464
travel,-0.4226409863028129
strike,-0.4227053387906042
ask,-0.425812493707578
soon,-0.42651805275950033
scott,-0.4268517616721949
jpmorgan,-0.4269939623246012
evolv,-0.4271803754687765
100,-0.42771893454494525
reaction,-0.42824238326247094
await,-0.4285349959095451
power,-0.4286659954521203
wall,-0.42873095092671465
absolut,-0.4288390037031557
hand,-0.4290528532586071
compani,-0.429148209372645
republ,-0.42936505999958924
vietnam,-0.429739873420572
partner,-0.43023642564032927
17,-0.4307133406759277
larger,-0.4308165259150385
weakest,-0.43091293252650215
75,-0.4320057771237147
exampl,-0.43209078311042215
let,-0.432358243697253
french,-0.43255818323936823
goe,-0.43339556581796956
multin,-0.433587830820479
pm,-0.4343024318100772
tourism,-0.43436660427079465
profil,-0.4343961173153496
07pm,-0.4344521111027074
issu,-0.4347885137526703
averag,-0.4356829353140238
2008,-0.43664095144210135
announc,-0.4369990703821179
move,-0.4373282359038209
brought,-0.4373307825864382
want,-0.43763547840738287
sentiment,-0.43766148802707616
peak,-0.43810392519100005
revenu,-0.4386363146465196
trial,-0.4390442064461153
900,-0.43904719707461365
assess,-0.43921067411417225
newspap,-0.4401742956095454
assist,-0.4405058010497118
school,-0.4407869432492991
david,-0.4408560998441691
parti,-0.44128455742168127
west,-0.4413254757261178
panick,-0.44145866317161125
senior,-0.44245198522470175
firm,-0.44301455504065773
settl,-0.44377512690647736
rose,-0.4447713474221459
kei,-0.4448603814992303
point,-0.4456162895926018
30pm,-0.4457460683816868
crisi,-0.4460277050098542
wonder,-0.4461744657517362
fail,-0.446509046108823
global,-0.4465832728124027
japan,-0.4466789779821324
48,-0.44685483416199817
attend,-0.448033982508776
know,-0.44861235618844514
outbreak,-0.4492569019118061
chines,-0.45046762273457663
east,-0.4505545356352442
complex,-0.45086552511805644
cooper,-0.4512099991623733
twitter,-0.4516100784701802
86,-0.4520284045693267
wrote,-0.4522622388787114
faith,-0.4530250718441159
game,-0.4532892147527713
country,-0.45351548662681695
23,-0.45405534033806366
asia,-0.4543443570776512
work,-0.4545219348010008
ftse,-0.4546407315089271
ibex,-0.45543614872744687
selloff,-0.4560580360344159
standard,-0.4573372223354347
own,-0.457617207970133
aircraft,-0.45761948630974203
corp,-0.45763088478093833
virtual,-0.45807893012156753
respiratori,-0.4587232489358178
care,-0.459688974654646
31,-0.460634222314571
unchang,-0.46083176592943864
sick,-0.46096367752020584
current,-0.4618974029722496
weight,-0.4621104208443114
heat,-0.4622245786931469
total,-0.4629497736996313
crude,-0.4633025793593861
altern,-0.4633160296989498
monitor,-0.4641322266844687
make,-0.4641938093910044
press,-0.4642659836717921
uncertain,-0.4644285468220065
broker,-0.4647424805118116
200,-0.4648236219923018
16am,-0.4653641753495406
2011,-0.4661708871465141
13,-0.4670837051368915
iag,-0.46715682062083547
signal,-0.46737778194449275
implic,-0.467485782898463
factor,-0.46763316032605395
chang,-0.4678104950471831
start,-0.46878829435897224
chanc,-0.4689723978750741
took,-0.46921626784533527
737,-0.4699938495781077
concern,-0.47021181111593563
loom,-0.47023861754939195
million,-0.47052682626499565
prioriti,-0.4717330147175119
environment,-0.4717799663058784
present,-0.4719244992427646
suppos,-0.47217266561605775
repres,-0.4732589543932831
29am,-0.4742448008210879
corpor,-0.4744836265902064
spot,-0.4746910271291066
correct,-0.4746980847477878
ghebreyesu,-0.4749934009639299
drastic,-0.47509844840103355
greater,-0.4753168912484818
nearli,-0.4754655284100204
tax,-0.47552117614907036
dai,-0.4757024013554918
high,-0.4769564084904582
princess,-0.47736389477592234
diamond,-0.47736389477592234
remain,-0.4775720359545845
intens,-0.47803652169914584
request,-0.478581570071572
carniv,-0.47864186023228655
lift,-0.4788523498258645
morn,-0.47912572236714546
tough,-0.47992092631232686
slump,-0.48019575393913866
tell,-0.48049147137445125
time,-0.48058339701024655
handl,-0.4807635194296255
chase,-0.4812371407489037
entir,-0.48125690284729905
laid,-0.4814562882695677
biggest,-0.4817115834503745
plan,-0.4817180527125723
build,-0.48252327239461984
uk,-0.4828279682181556
familiar,-0.4835909237298582
cruis,-0.48413801764350006
sai,-0.4842087808109707
lose,-0.48463690004165777
island,-0.4851634067154393
share,-0.48517200381129644
central,-0.4857743310990224
280,-0.4862851936241821
intermedi,-0.4863563448276045
public,-0.4866179690064479
result,-0.4866975125753102
wider,-0.4867039601928528
danger,-0.4875742597171515
term,-0.48781708546364483
good,-0.4878418253461202
cautiou,-0.4886560176119796
06pm,-0.48906549067251004
consult,-0.4893670005034162
deepli,-0.48946823960144664
instanc,-0.48976259842216
expos,-0.4900735269794419
estim,-0.4904930899549548
largest,-0.4907325164538082
reviv,-0.4908356273686304
figur,-0.49140802000879197
march,-0.491641138073524
coronaviru,-0.4917674394384915
london,-0.49186717524318324
show,-0.49212957794359224
transform,-0.49331335762982886
relev,-0.4935160279836482
shop,-0.4936696446199485
januari,-0.49449313982221677
help,-0.4952280089113523
dent,-0.49541325631325
cost,-0.4954370708826481
25,-0.49733980640248276
can,-0.49836770145280296
categori,-0.4983780354466767
wednesdai,-0.4983957373953121
respond,-0.49855344219685743
amid,-0.4993110305020296
globe,-0.4993379976816507
organis,-0.4997603256929667
earlier,-0.4998654166500509
grow,-0.5004910137413454
overhaul,-0.5007869168295335
decreas,-0.5012229151588383
week,-0.5017040831095225
trump,-0.5024561022043307
back,-0.5027318676113575
roughli,-0.5036036561521632
open,-0.503633860112188
60,-0.5037320030383616
narrow,-0.5039086734283083
chancellor,-0.5047482436923341
impact,-0.5050579998871517
00,-0.5061102190949748
world,-0.5075199598458822
lend,-0.5076324477571443
38,-0.5079030887584434
pound,-0.507908412260572
insid,-0.5086870855741589
half,-0.509933782893415
regist,-0.5109451816182058
health,-0.5114888519466566
aren,-0.5117388996106027
block,-0.5120433827511268
500,-0.5122900640749415
react,-0.5125337704336522
boss,-0.5127107275178191
need,-0.512737380415257
dow,-0.5133302640185006
form,-0.5133445056233475
task,-0.5135962790109013
vote,-0.513992370995518
cut,-0.5149853492860715
street,-0.5154849871339203
07,-0.5158445559725295
steep,-0.5166084320112213
fund,-0.5168180528901197
37,-0.5168795923098161
push,-0.5176014659129151
ap,-0.5184032738929792
look,-0.5184125711685954
rise,-0.5193138904259205
includ,-0.5197923423163207
arriv,-0.5200351535569638
hotel,-0.5200696519872063
roll,-0.521310580528328
row,-0.5222972267601101
90,-0.5224801150128929
jone,-0.523240660992579
smaller,-0.5237696487177183
singl,-0.5238221267858855
china,-0.5238640838412628
sell,-0.5238807085253072
happen,-0.5242570084298205
person,-0.5243993470543037
network,-0.5246345551743536
44am,-0.5247550302959227
democrat,-0.5253862888268473
confid,-0.5254901895527552
normal,-0.5264565487280303
player,-0.526512303985201
domest,-0.5265423199287841
professor,-0.5270482015195433
lower,-0.5276020792876611
chip,-0.5297196655636547
market,-0.5305534291880623
milan,-0.5307864987681447
tv,-0.530837292867755
fragil,-0.5309368437634903
organ,-0.5311464912140084
coordin,-0.5312154895514218
well,-0.531737253606075
bell,-0.5320750963147604
encourag,-0.5326468797729297
nanci,-0.5327923448695477
viru,-0.5331377219395022
declar,-0.5341259446990275
gone,-0.5342785042516092
vital,-0.5346612806852806
stori,-0.5352067471356556
kit,-0.5353439232234489
consequ,-0.5355192835022684
sea,-0.5357474353498757
stock,-0.5359300803945403
here,-0.5362801952255504
crash,-0.5368606459223688
affair,-0.5369109959148807
argu,-0.5388199947225333
vehicl,-0.5392560388172764
month,-0.5407826530297534
appl,-0.5408612606182416
expand,-0.5413351379347068
liquid,-0.5414133140223777
close,-0.5414201104803783
tech,-0.5423005270839389
page,-0.542555757528437
chief,-0.5427256592040178
colleagu,-0.5428486508524852
000,-0.5428844375671925
even,-0.5436956295388881
payment,-0.5444599904946914
deep,-0.5456355624818702
attempt,-0.5457903958569705
secur,-0.5459557008348547
alex,-0.5463416773534001
49am,-0.5474349412869755
nose,-0.5486461321851868
norwai,-0.5486823866366733
australian,-0.5490142720010448
valu,-0.5493004964515784
catch,-0.5496329720161498
free,-0.5501151238262308
weekend,-0.5503816198139634
statement,-0.5505954975579895
threat,-0.5507027960902076
pa,-0.5515253758704438
cent,-0.5517112563167913
expans,-0.5522268189350856
slow,-0.5528233194607692
2019,-0.5530949612330863
probe,-0.5531592833659754
sensit,-0.5533842504947268
industri,-0.5536095775430384
polici,-0.5545078350326559
region,-0.5552599683587317
demand,-0.5563842876181798
hit,-0.5587371419362758
board,-0.5591839074675419
dr,-0.5601634744199008
condit,-0.5601803834916109
black,-0.5608940971363372
capit,-0.5611888015318018
report,-0.561191533521421
somewhat,-0.5612263094114285
plenti,-0.5618017662175865
perform,-0.5624485534113879
canada,-0.5626122622823608
invest,-0.5626846916008817
there,-0.5631660761119875
69,-0.5637944410720939
fight,-0.5642367093759946
human,-0.5645123507881359
recent,-0.5646325405315141
heavili,-0.5648048734400023
director,-0.5653301388350678
notch,-0.5655486169204332
reach,-0.5667251752973526
district,-0.5669394253083945
contagion,-0.5670831044455599
continu,-0.5673600555899989
great,-0.5684060913308958
jump,-0.5685290405508352
court,-0.5689639639121589
plai,-0.5694133239519762
develop,-0.5695399851826977
francisco,-0.569772553466498
lunchtim,-0.5702901063290118
taken,-0.5705650946963469
curtail,-0.5705974751891947
consum,-0.5708463276983793
balanc,-0.5708881021759252
year,-0.5710968163646629
spring,-0.5713010155334699
aid,-0.5713611292306036
question,-0.571367004032153
communist,-0.5713747433168765
fall,-0.5715915001163776
product,-0.5719017825496333
account,-0.5721190510055975
identifi,-0.5733174100205438
pharmaceut,-0.5743590345090221
treasuri,-0.5745684700615282
specif,-0.5748712546116013
food,-0.5757035455781164
bank,-0.57599553464074
drop,-0.5768438060265375
simpli,-0.5776079876853855
client,-0.5777612464295854
2017,-0.578052150121067
rel,-0.5788197945985372
children,-0.5789525351892814
slowli,-0.5793905692648585
goal,-0.5799801172396405
mr,-0.5804114740047055
face,-0.580527638246335
richard,-0.5806280591791644
new,-0.5813350711867299
sanguin,-0.5817056772848741
stage,-0.5822590793174811
diversifi,-0.5835621514922508
rush,-0.5853171714797458
big,-0.5853798464736738
likelihood,-0.5858753988585111
reject,-0.5860928283077544
inevit,-0.5864187888078055
famili,-0.5869074936826021
increas,-0.5872555050126631
rate,-0.5875522795205947
notabl,-0.5880186237500292
lockdown,-0.5896382755234265
worldwid,-0.5898063777091362
polic,-0.590013667681244
outsid,-0.5916971504545976
light,-0.5918888633047656
miss,-0.5927148139291135
conglomer,-0.5943369466255791
virus,-0.5944048367881621
resist,-0.594558095172133
base,-0.5949373254688209
dock,-0.5949503559915148
ceo,-0.5957362556738958
busi,-0.5960108021182947
resort,-0.5961119719742376
drove,-0.5963606137039145
1990,-0.5964208470129776
lost,-0.5967887532631737
februari,-0.5973083177815537
oxford,-0.5974323484706066
pictur,-0.5975092472567523
stop,-0.5976518961562671
bui,-0.5976568855206855
strategi,-0.597892102071965
growth,-0.598136209939645
said,-0.598517650968028
late,-0.5985626456544011
guardian,-0.5996232091742495
histori,-0.600224649566815
vaccin,-0.6005632725728286
degre,-0.6013572572146326
it,-0.601816493460501
precaut,-0.6022427528368549
30,-0.6029983532287913
price,-0.6040820835416215
despit,-0.6046060875141145
fewer,-0.6047229509900383
email,-0.6055203208597117
highli,-0.605546033847749
2020,-0.6056171477427219
reveal,-0.6068899903460603
end,-0.6074442418115688
imagin,-0.6078174076223929
apprehens,-0.6079345417746842
mix,-0.6083831040602752
suspens,-0.6094993691100576
jpg,-0.6102714186035009
april,-0.6112726212195753
accord,-0.6117054731112648
night,-0.6118774474119091
servic,-0.6133110267688445
white,-0.6134583595325975
collect,-0.6143931941803656
wealth,-0.6158448077608031
chair,-0.6163277476299925
in,-0.6166413773035136
outlook,-0.617201231249792
thing,-0.6173090305163105
author,-0.6173173895988728
auto,-0.6178133959104519
panic,-0.6184488387759878
treat,-0.6187138805436804
suspect,-0.619204844272221
asid,-0.6192893323911302
mention,-0.6199497480352905
common,-0.6203756281597266
62,-0.620970021628957
fell,-0.6215703988873942
boost,-0.6217242475531551
home,-0.6222377116402383
giant,-0.6228958212257266
highlight,-0.6234109243826385
manufactur,-0.6237943302342533
occur,-0.6261082698710366
mib,-0.6261469814061127
rival,-0.6269978503084156
defend,-0.6275012817179945
old,-0.6277985040525326
measur,-0.6280356861396493
independ,-0.6283877910114843
rescu,-0.6294046799334548
thousand,-0.6300553523957305
financ,-0.6315304709154688
10,-0.6316241459426007
reprint,-0.6319208594101599
licens,-0.6319208594101599
sign,-0.6325778503844033
rank,-0.6360511332162184
typic,-0.63735614032962
surround,-0.6381081731718056
group,-0.63814178007321
gold,-0.6389024806832557
manag,-0.6389995349032525
spread,-0.6392659765881733
cours,-0.639740234947327
progress,-0.6402192788788164
promis,-0.640633583197766
highest,-0.6414674719358675
warn,-0.6428623978758666
long,-0.642906507269729
monei,-0.6430066181882872
forecast,-0.6431711152614197
rang,-0.6435600726560095
option,-0.6435729781119358
econom,-0.6443760184112249
iphon,-0.64461312382145
seven,-0.6449646036785092
technolog,-0.645398861772485
return,-0.6455918548305951
shortli,-0.6456649692523102
local,-0.6462370048343535
economi,-0.6474038925578051
govern,-0.6475263519027635
friend,-0.6479424699926606
tedro,-0.6484643053210852
adhanom,-0.6484643053210852
serious,-0.650665581729369
impress,-0.6510437531550343
slash,-0.6518765988623316
second,-0.6520539327883726
special,-0.6523091995958488
case,-0.6532346125424505
watch,-0.6534938588220351
effort,-0.6535833654200949
downsid,-0.6544471865723415
won,-0.6547340517561319
council,-0.655549096711439
ago,-0.6564253086788537
engin,-0.6566976514151698
21,-0.6567467725677045
investor,-0.6572108701361355
transport,-0.6572890148558936
emerg,-0.6574131362498972
retir,-0.6578698459523299
shock,-0.659676859420022
stake,-0.6602474975558131
launch,-0.6612376894625058
analyst,-0.661253552501961
donald,-0.6618046361462828
restaur,-0.66422852555379
threaten,-0.664437422417016
critic,-0.6644782257936781
44,-0.6656293475082813
program,-0.6659454667309409
coupl,-0.66603307349983
displai,-0.6677059320830376
fed,-0.6677649922294403
spend,-0.6685268019961211
enltr,-0.6709589163100347
articl,-0.671635736159171
fundament,-0.6716505492717844
percent,-0.6721303617557097
fulli,-0.6723771241533373
claim,-0.672630428654807
eurozon,-0.6741658383649464
societi,-0.6742149219837822
34,-0.674826134186365
retail,-0.675412673343598
rout,-0.6754754438409689
note,-0.6759740833126766
flow,-0.6760153248311948
certain,-0.6760162529929277
sharehold,-0.676925687974244
stand,-0.6770762415113429
transit,-0.6784316393138476
civil,-0.6801778790688048
bare,-0.6813076722580929
brand,-0.6816809219440213
particularli,-0.6822609871792163
period,-0.6823552901030999
margin,-0.6829878850766297
if,-0.683676548532187
dramat,-0.6840710675762421
geneva,-0.6855817794415048
try,-0.6864092108367369
larg,-0.6865535928211023
commerci,-0.6875187029737038
direct,-0.6882257239685575
phone,-0.689254900175166
wai,-0.6894363513935624
green,-0.6898986328756016
suggest,-0.6916265689300515
littl,-0.693238319724782
reserv,-0.6934165216353328
collaps,-0.6939533613690659
leader,-0.6942070349709303
drink,-0.6954434266518167
focus,-0.6958186890173702
american,-0.695939414771578
matter,-0.6960080585555901
store,-0.6968323624808288
budget,-0.6974411907209325
agenc,-0.6975649833011132
49pm,-0.6985012833703471
tri,-0.698782104064052
expect,-0.7000892306011093
justic,-0.7001674298344355
notic,-0.7001927241019811
suppli,-0.700441230711758
last,-0.7004424795001805
capac,-0.7005435265697019
line,-0.7006641087824758
wouldn,-0.7014064699226521
execut,-0.7016152147968068
coincid,-0.7017000542061882
find,-0.7021150008927494
rememb,-0.7021392752350626
tweet,-0.704242846465462
higher,-0.7056120076364853
movement,-0.7067376764283521
window,-0.7072377571587251
slide,-0.7085158053362062
thought,-0.709556131963954
tuesdai,-0.7102822466579795
document,-0.7103083979608537
prospect,-0.712220590139758
forward,-0.7142022729794208
doubt,-0.7142415108851106
fear,-0.715116383969787
map,-0.7160616132158962
profit,-0.7162612236013103
800,-0.716426688230319
hurt,-0.716480466005505
19,-0.7174797668419937
presenc,-0.7198157722623962
viral,-0.7203042191805662
fast,-0.7211278466546068
21pm,-0.7219389751876486
draw,-0.7220410055262244
92,-0.7223386552204353
veri,-0.7225188953378754
cash,-0.7229679711872452
countri,-0.7232484471012367
portfolio,-0.7238388966046886
core,-0.7245992847310749
borrow,-0.7262558728378087
finish,-0.7275883311460609
ship,-0.7280158699319236
signific,-0.7280908849441051
grappl,-0.7284020655301613
shift,-0.7290258717820793
paul,-0.7300913068815743
billion,-0.7301322816683166
94,-0.7301459593901751
like,-0.7320426584735586
equiti,-0.7320531218085845
safe,-0.7335571758841881
name,-0.7340689407806297
mobil,-0.7346679687466389
digit,-0.7350444876340705
snap,-0.7357616260222245
indic,-0.7358691591087299
2015,-0.7384374043259243
book,-0.7392386010511897
ahead,-0.7395495226436091
fallen,-0.7395880164258503
view,-0.7399205355585424
obvious,-0.7415539318843936
peopl,-0.7421835053902224
usual,-0.7426607935640293
explain,-0.7428285403574066
delai,-0.744070499552247
zero,-0.7442583096676825
level,-0.7445472427244606
fashion,-0.7463471252210963
investig,-0.7463888860319758
rais,-0.7477254111639693
juli,-0.74786626630434
state,-0.7485851402830564
appoint,-0.7495530291574195
real,-0.7496799604428004
asset,-0.7497925232036291
50pm,-0.7503903592046637
round,-0.7507773322425769
activist,-0.7511730899664122
drag,-0.7511781719872798
problem,-0.751675018848948
far,-0.752059807212522
sent,-0.752260453639014
incom,-0.7525193578833512
longer,-0.7525857122438627
letter,-0.7560141752623268
deeper,-0.7566073494687037
trust,-0.7572685236352243
track,-0.7589117277041535
epidem,-0.7593663028758638
go,-0.7619153832254566
contain,-0.7627814257141395
exclud,-0.7645663976352393
anti,-0.7646126796486621
town,-0.7651775175081672
shortag,-0.7661607025321935
action,-0.7675212627765942
upward,-0.7688703118776171
didn,-0.7689974243401788
don,-0.7704460848377145
expens,-0.7707761551558828
chairman,-0.7719003772784285
step,-0.772359595025899
strategist,-0.7739718457901993
caught,-0.7741744157964586
matt,-0.7752107067300765
small,-0.7752433640962629
economist,-0.7759685265641617
especi,-0.7768359880896808
pace,-0.7770617520319263
postpon,-0.7777359225497177
attack,-0.7779768318167528
55,-0.779218910881066
assum,-0.7796073480982499
stimulu,-0.7800997788291131
sit,-0.780523998581786
convers,-0.7806705149724613
held,-0.7807040261234445
caus,-0.7834956787901255
broader,-0.7836398463092085
death,-0.7840031374358069
low,-0.7840316350604657
worri,-0.7841510210720151
yield,-0.7842637999687763
cdc,-0.7855400415983649
vulner,-0.7866633453326473
address,-0.7867670543402117
unclear,-0.7877017363461126
mid,-0.7879048683635873
cold,-0.788022848428906
control,-0.7889107348513097
regul,-0.7904953095603351
major,-0.7906923888893916
land,-0.7909661358028457
jame,-0.79171574126067
42pm,-0.7937771383786824
size,-0.7948133768038078
2010,-0.7954691096194753
southern,-0.7956070649015644
saturdai,-0.7959212232660687
downgrad,-0.7962628109694809
cast,-0.7967223803544652
valuabl,-0.7967608811558474
52,-0.7988002972897704
company,-0.7997471037739291
comfort,-0.7998569793197225
protect,-0.8007648090374756
italy,-0.8013588537067848
survei,-0.8018464675904733
consider,-0.8029704159787119
mean,-0.803053806361924
robert,-0.8038580396262648
advanc,-0.8039903159939082
immun,-0.8044356421254663
util,-0.8054026081993547
suddenli,-0.8056950226072773
mondai,-0.8062947096123867
wasn,-0.8085888894297053
northern,-0.8090604909446768
huge,-0.8103019475335037
session,-0.8110814302947649
rebound,-0.8120111916202506
morgan,-0.8129859385300955
shore,-0.8138577673196111
deal,-0.8140740261773673
di,-0.8142326805510651
prior,-0.8163594602196955
photograph,-0.8166473344681742
drew,-0.8172141242061238
kind,-0.8211568308912675
2013,-0.821916443487533
man,-0.8247880932936731
yesterdai,-0.8250104156278679
possibl,-0.8251512331747474
anxieti,-0.8256698321699354
vari,-0.8266662640347746
impos,-0.8279462879835733
load,-0.8285090510531121
stockpil,-0.8285944381632542
resid,-0.8295093992422402
bond,-0.8306289987104674
instead,-0.8307748619688119
primari,-0.8307809143676791
target,-0.8311368614042407
sale,-0.8318988530603494
have,-0.8343109988176443
easili,-0.8349088562451668
02,-0.8356391127572911
room,-0.8357926569711296
ti,-0.8359314744737331
owner,-0.8363473931128627
woman,-0.8370688639310834
touch,-0.8371277861744729
disrupt,-0.8391983128954907
hous,-0.8399190824999663
impli,-0.8437334342910294
43am,-0.8437940178012298
optimist,-0.8446513895625727
quickli,-0.8472876709625761
trillion,-0.8475699732373301
66,-0.8477220879907192
india,-0.8483549909724543
facil,-0.8495583302482238
climat,-0.8507593368360079
appar,-0.851283568339624
easyjet,-0.8519960522699433
trend,-0.8520589750062794
24pm,-0.853920337750484
ub,-0.85451140494195
troubl,-0.8555946554072874
think,-0.8574514031964617
slid,-0.8583015263455464
cloth,-0.8592322044722315
north,-0.8595374034126336
list,-0.8599266106672446
supplier,-0.8613214451481288
spike,-0.8641453363204159
88,-0.8643862172027993
unlik,-0.8646415692807328
moder,-0.8673785425477228
significantli,-0.8682844898539124
sum,-0.8703897553819198
cloud,-0.8715649661447821
gaug,-0.8721373626330218
soar,-0.8723553655081909
piec,-0.8727476250271242
introduc,-0.8730208565158671
legal,-0.8730221176675638
speech,-0.8731481495367023
dive,-0.8754846918135278
alarm,-0.8793838604329507
afford,-0.8806672690069289
recess,-0.8806865519703581
85,-0.8817432426464626
italian,-0.8827399281200846
enter,-0.882808097785304
initi,-0.8847280858624156
faller,-0.8851298919667419
discuss,-0.8856298748294194
wife,-0.8863602461066075
haven,-0.8870063912521972
type,-0.8882404909544984
told,-0.8899411636373133
36,-0.8908999873154595
pressur,-0.8909508195685212
cheaper,-0.8924794937750927
project,-0.8932151271611951
dividend,-0.8960974432670633
interview,-0.89779771312595
feder,-0.8993744151914949
08pm,-0.9014077477102556
carrier,-0.902096058495828
struggl,-0.9022878915681013
valuat,-0.9027753107734215
korea,-0.9031986773571273
resign,-0.9049640680950086
nationwid,-0.9051500224302514
awai,-0.905153147371547
campaign,-0.905928918104364
traffic,-0.9062966695287543
separ,-0.9075543337056122
properti,-0.9077874979991272
junk,-0.9092059787728519
wake,-0.9093568579342697
bid,-0.9106824367481088
lowest,-0.9122676857647469
20,-0.9123467643966062
statu,-0.9135196459422358
difficult,-0.9146944506290767
word,-0.915471541587477
tui,-0.9175826909850794
charg,-0.9177975346647123
complet,-0.9178562541077577
infect,-0.9202223895122865
previou,-0.9221232346703173
class,-0.9222094460292033
turn,-0.9229335461947756
plummet,-0.923804154309378
congress,-0.9246535362130999
associ,-0.9248696375298497
commerc,-0.9277661500754482
chain,-0.9293956526918237
pandem,-0.9314303147375247
air,-0.9324577325147707
appear,-0.9332107912556175
shed,-0.9347130891130366
fellow,-0.9376568281428029
grown,-0.938067262266377
sought,-0.9395110751066821
warren,-0.9398229556048605
water,-0.940508147765374
worsen,-0.9407232348313026
octob,-0.9448028352615402
young,-0.9461407197320589
mark,-0.9473912952433919
bp,-0.9478516326399067
optim,-0.9489649190370586
fortun,-0.9503420199692006
file,-0.9528939846687144
speed,-0.9547547261672741
purchas,-0.9557070808123758
shrink,-0.956317969786546
futur,-0.9573673298362516
pre,-0.9579139681297019
safeti,-0.9589829526835094
equip,-0.9592599518024375
57,-0.9610691201907255
lack,-0.9639068726498218
opposit,-0.9659832304829127
pain,-0.9691064427484989
pai,-0.9692413644707283
raw,-0.971060765256127
iran,-0.9731458214541833
basic,-0.9757856703817505
prepar,-0.9761937933804182
anticip,-0.9762003504153505
expert,-0.9783685267400989
today,-0.9796168398728297
worst,-0.9801876484709846
success,-0.98047392509295
basi,-0.9811102619912416
cmc,-0.9811954573807529
35,-0.9816058013486003
difficulti,-0.9840109929956307
septemb,-0.9849935733275705
nvidia,-0.9858994486138773
remov,-0.98795842022143
combat,-0.9885806568631029
meet,-0.9888778282175265
trim,-0.9893374866553061
mainli,-0.9906646368013264
12am,-0.9908167198289148
unit,-0.990919935314966
coast,-0.9914232281720535
contribut,-0.992126439947396
prevent,-0.9924825729805646
19pm,-0.9961128210682064
commit,-0.99620899927289
grim,-0.9962603004328848
give,-0.9968006186998546
appeal,-0.9992844328935805
escal,-1.0002256076629765
washington,-1.001955832061447
establish,-1.0028040648502092
nation,-1.0028823200604289
act,-1.0036784103148826
wide,-1.0053054266251398
pattern,-1.0065150275044756
covid,-1.008133161714421
loan,-1.0095933410212279
soften,-1.0100756211577575
aggress,-1.01698292595384
bad,-1.0178811055984591
00pm,-1.0186571202379286
locat,-1.0190577878059468
counterpart,-1.0252984040060251
substanti,-1.026290166898442
wash,-1.0284791496783594
reli,-1.0287146152775235
tumbl,-1.028846448652832
hundr,-1.030380659546817
acceler,-1.0322715721125282
south,-1.0332481884277072
stem,-1.0340279046817713
exxon,-1.0369933754002936
will,-1.037030929705069
sustain,-1.0400521994092655
reflect,-1.041693651841117
li,-1.0421628780555714
150,-1.0427405970997956
carbon,-1.0500376867440069
agre,-1.0520554253783747
true,-1.0522366375229504
definit,-1.0568456213277961
closer,-1.059007321174243
80,-1.059318711183587
administr,-1.0597486379077041
histor,-1.0613292664388627
dead,-1.0631363114866124
understand,-1.0663652508257684
overse,-1.0689739210905784
stanlei,-1.070691915833475
simon,-1.0707092911338636
african,-1.083796115522033
sold,-1.0853277295600507
requir,-1.0864594600214181
doesn,-1.0892406845877658
probabl,-1.091469398046451
readi,-1.0924729823157877
diseas,-1.0927194439511276
2016,-1.0927266073151833
wood,-1.101690583442873
challeng,-1.1020999756915955
annual,-1.1028898684653916
shrug,-1.1030042858955862
temporari,-1.1035317613678983
built,-1.1035545837471938
isn,-1.1059556998479305
certainli,-1.1060724457495938
send,-1.1132891328662544
resili,-1.1146676226841838
debt,-1.114859743212729
answer,-1.1208441248954393
95,-1.1218175604902598
fix,-1.1221037513837289
meant,-1.1243198356063957
deepen,-1.1257511925109145
grew,-1.1289343856686627
banker,-1.1297685931226742
you,-1.1297798965640227
ramp,-1.131509808662668
amount,-1.1325798653536985
col,-1.1370461183553497
broke,-1.1431337217824105
spent,-1.1440209301710291
ignor,-1.155437108536882
97,-1.1564300983436535
retreat,-1.1567646588309985
trajectori,-1.1579381484526983
stress,-1.1584600270842782
departur,-1.1614060007608438
prompt,-1.1615102386873182
inflat,-1.167564483706855
wipe,-1.1683676887275307
german,-1.1718493613896583
commun,-1.1726639328512285
longest,-1.1737361751563482
acquir,-1.1752002234856886
center,-1.177947190456022
seal,-1.1840381448672923
victori,-1.1865011434137278
250,-1.1913230234644592
ten,-1.1954745011493983
minut,-1.2047605880631993
split,-1.214418585474535
tip,-1.2165571309776029
larri,-1.2231963582043603
sudden,-1.2246946591993997
distanc,-1.2338719546430896
vice,-1.2341457260437223
realiti,-1.2356487071001232
sort,-1.244170161167656
influenc,-1.245202993576715
begun,-1.2453571606891254
pile,-1.2495441583149272
alleg,-1.2519940597488832
franc,-1.2542562321745478
safer,-1.2562731057947625
98,-1.2596177779618665
mine,-1.2612629194582432
27,-1.2649059437855232
surfac,-1.2671864867464273
700,-1.2697959635667508
caution,-1.2716227848862405
eastern,-1.2729528853009895
cheap,-1.2735663458076985
bodi,-1.2739783572980556
adjust,-1.279322496320407
met,-1.279355851612021
favour,-1.2939541829046555
victoria,-1.2999968455570656
mayb,-1.3054924248235904
hear,-1.3058864993113661
tenur,-1.3067645927660685
partial,-1.3070918366722917
western,-1.3093166642468785
remark,-1.3105681744011828
tap,-1.314981071507258
200m,-1.3173521369340242
interim,-1.3187342288005512
riskier,-1.32147028399887
massiv,-1.32548647178386
tank,-1.3337872766540824
steadili,-1.3350980883557473
estat,-1.3352134404642342
feed,-1.3359446522162033
prolong,-1.3429881271210204
child,-1.348625457549311
lawmak,-1.3526006644814637
path,-1.3550571752026903
materi,-1.3572768058848848
texa,-1.3661425994438543
softwar,-1.3683850656542333
headlin,-1.3701694056536908
secret,-1.37336745659937
suppress,-1.3748135647636728
regular,-1.37694123548759
cnbc,-1.38819856061839
itali,-1.3883064665539906
monetari,-1.3888262787986032
berkshir,-1.3897598474327266
damag,-1.3932755271005524
suit,-1.3957086464281732
oppos,-1.397976933063911
dump,-1.3985522555303753
serv,-1.4090030509491875
process,-1.410196674224698
crown,-1.410561875107273
express,-1.411741438248586
offset,-1.4128529261679479
jeffrei,-1.4359224255650576
incred,-1.4469503640952948
devic,-1.4513599176017802
ve,-1.4515346100447126
downturn,-1.4556948514168184
buyer,-1.4598757425573452
spanish,-1.461049741803482
arrang,-1.4618502924412433
brutal,-1.4623775866316953
68,-1.4650617695450388
buffett,-1.4726449859156556
discount,-1.4754177055641644
aim,-1.4781646556873917
powel,-1.4829586500356067
belief,-1.489241028715571
fade,-1.4950902895810299
senat,-1.4976411372662601
revis,-1.5156740706622793
riski,-1.525759902526842
increasingli,-1.552773406063727
pension,-1.572039170418133
dutch,-1.5740311182184556
qanta,-1.575567659113502
fiscal,-1.5795074846148955
partli,-1.5917231769966507
inventori,-1.6052969762776212
iranian,-1.632220586216125
apart,-1.63940460597308
desper,-1.6460211797467317
vast,-1.6475643448077122
switzerland,-1.66254316681886
patrick,-1.663597919651985
rattl,-1.6655683444089278
odd,-1.6938435644408976
refer,-1.6975664266370758
nasti,-1.717662773051838
bought,-1.7348819323431992
harm,-1.740243861849654
emploi,-1.7468895478489372
competit,-1.7557590788748114
05,-1.7739163762892236
spook,-1.8344420455416246
tool,-1.881308374299875
proce,-1.9028302525940477
endur,-1.9190095479513682
fit,-1.937799427483623
pullback,-1.9507595481762854
repeat,-2.0008803684844225
korean,-2.1085480573532074
le,-2.129016485473895
kudlow,-2.1979372675264925
austria,-2.242244808425927
gambl,-2.2489315034052377
jefferi,-2.5370275832209375
128,-2.800300808264285
usa,-2.8748876373356738
derail,-3.21521713186251
